13,Purdue University (IN)
14,
15,Purdue University (IN)
16,
17,Purdue University (IN)
18,
19,University of Florida (FL)
20,Massachusetts Institute of Technology (MA)
21,Michigan Technological University (MI)
22,Massachusetts Institute of Technology (MA)
23,College of William and Mary (VA)
24,Purdue University (IN)
25,Michigan Technological University (MI)
26,Purdue University (IN)
27,Tufts University (MA)
28,Thomas Jefferson High School for Science and Technology (VA)
29,Purdue University (IN)
30,
31,Purdue University (IN)
32,University of Illinois-Urbana-Champaign (IL)
33,Rose-Hulman Institute of Technology (IN)
34,
35,Michigan State University (MI)
36,Ohio State University (OH)
37,Purdue University (IN)
38,Purdue University (IN)
39,Ohio State University (OH)
40,
41,Ohio State University (OH)
42,Purdue University (IN)
43,Georgia Institute of Technology (GA)
44,Purdue University (IN)
45,Purdue University (IN)
46,University of Illinois-Urbana-Champaign (IL)
47,Purdue University (IN)
48,Purdue University (IN)
49,
50,Purdue University (IN)
51,Purdue University (IN)
52,Rose-Hulman Institute of Technology (IN)
53,Purdue University (IN)
54,Massachusetts Institute of Technology (MA)
55,Purdue University (IN)
56,University of Wisconsin-Madison (WI)
57,Rose-Hulman Institute of Technology (IN)
58,Clemson University (SC)
59,Ohio State University (OH)
60,University of Cincinnati (OH)
61,Purdue University (IN)
62,Purdue University (IN)
63,
64,SUNY - Stony Brook (NY)
65,The College of New Jersey (NJ)
66,University of Cincinnati (OH)
67,
68,University of Cincinnati (OH)
69,Purdue University (IN)
70,Purdue University (IN)
71,Purdue University (IN)
72,University of Pennsylvania (PA)
73,Purdue University (IN)
74,University of Wisconsin-Madison (WI)
75,Ohio State University (OH)
76,Purdue University College of Technology-Lafayette (IN)
77,Purdue University (IN)
78,
79,Syracuse University (NY)
80,University of Wisconsin-Madison (WI)
81,
82,Purdue University (IN)
83,
84,University of Wisconsin-Madison (WI)
85,
86,
87,Purdue University (IN)
88,Massachusetts Institute of Technology (MA)
89,
90,Rose-Hulman Institute of Technology (IN)
91,University of Cincinnati (OH)
92,Purdue University (IN)
93,Massachusetts Institute of Technology (MA)
94,Purdue University (IN)
95,Purdue University (IN)
96,University of Maryland - College Park (MD)
97,Purdue University (IN)
98,Illinois Institute of Technology (IL)
99,Purdue University (IN)
100,Purdue University (IN)
101,University of Illinois-Urbana-Champaign (IL)
102,University of Virginia (VA)
103,Simon Fraser University (BC)
104,
105,Carnegie Mellon University (PA)
106,Purdue University (IN)
107,Purdue University (IN)
108,University of Illinois-Urbana-Champaign (IL)
109,University of Cincinnati (OH)
110,University of Central Florida (FL)
111,University of Illinois-Urbana-Champaign (IL)
112,
113,University of Illinois-Urbana-Champaign (IL)
114,University of Illinois-Urbana-Champaign (IL)
115,Thomas Jefferson High School for Science and Technology (VA)
116,Georgia Institute of Technology (GA)
117,
118,
119,Purdue University (IN)
120,Purdue University (IN)
121,Tufts University (MA)
122,University of Cincinnati (OH)
123,
124,
125,Rose-Hulman Institute of Technology (IN)
126,Purdue University (IN)
127,Fordham University (NY)
128,Purdue University (IN)
129,
130,University of California-Los Angeles (CA)
131,Purdue University (IN)
132,
133,Cornell University (NY)
134,University of Illinois-Urbana-Champaign (IL)
135,Rose-Hulman Institute of Technology (IN)
136,Purdue University (IN)
137,University of Illinois-Urbana-Champaign (IL)
138,University of Michigan (MI)
139,
140,Purdue University (IN)
141,
142,Kent State University (OH)
143,SUNY - Stony Brook (NY)
144,University of California-San Diego (CA)
145,Purdue University (IN)
146,University of Maryland - College Park (MD)
147,
148,Purdue University (IN)
149,University of Waterloo (INT)
150,
151,Carnegie Mellon University (PA)
152,Purdue University (IN)
153,Tufts University (MA)
154,University of California-Riverside (CA)
155,
156,Purdue University (IN)
157,Carnegie Mellon University (PA)
158,
159,Purdue University (IN)
160,
161,Ohio State University (OH)
162,University of Waterloo (INT)
163,Worcester Polytechnic Institute (MA)
164,University of Cincinnati (OH)
165,
166,University of Waterloo (INT)
167,Purdue University College of Technology-Lafayette (IN)
168,University of Waterloo (INT)
169,
170,Purdue University (IN)
171,McGill University (INT)
172,
173,McGill University (INT)
174,
175,Santa Clara University (CA)
176,
177,University of Waterloo (INT)
178,University of Cincinnati (OH)
179,Southern Methodist University (TX)
180,University of Texas-Dallas (TX)
181,Purdue University (IN)
182,University of Wisconsin-Madison (WI)
183,University of Illinois-Urbana-Champaign (IL)
184,University of Wisconsin-Madison (WI)
185,University of Wisconsin-Madison (WI)
186,
187,Purdue University (IN)
188,
189,University of Waterloo (INT)
190,Purdue University (IN)
191,Carnegie Mellon University (PA)
192,Purdue University (IN)
193,
194,Purdue University (IN)
195,
196,McGill University (INT)
197,
198,Purdue University (IN)
199,University of Waterloo (INT)
200,Purdue University (IN)
201,Purdue University (IN)
202,
203,
204,New York University (NY)
205,Purdue University (IN)
206,Purdue University (IN)
207,University of California-Davis (CA)
208,Rose-Hulman Institute of Technology (IN)
209,Purdue University (IN)
210,
211,University of Wisconsin-Madison (WI)
212,University of Michigan (MI)
213,Brown University (RI)
214,Purdue University (IN)
215,Georgia Institute of Technology (GA)
216,
217,University of Illinois-Urbana-Champaign (IL)
218,University of Maryland - College Park (MD)
219,Purdue University (IN)
220,Purdue University (IN)
221,Rose-Hulman Institute of Technology (IN)
222,University of Maryland - College Park (MD)
223,Purdue University (IN)
224,Purdue University (IN)
225,Purdue University College of Technology-Lafayette (IN)
226,Purdue University (IN)
227,Purdue University (IN)
228,Purdue University (IN)
229,University of Michigan (MI)
230,Purdue University (IN)
231,
232,Notre Dame de Namur University (CA)
233,
234,Pennsylvania State University (PA)
235,Purdue University (IN)
236,Purdue University (IN)
237,University of Cincinnati (OH)
238,Northwestern University (IL)
239,Northwestern University (IL)
240,SUNY - Stony Brook (NY)
241,University of Waterloo (INT)
242,University of Waterloo (INT)
243,Rose-Hulman Institute of Technology (IN)
244,Purdue University (IN)
245,Northwestern University (IL)
246,Purdue University (IN)
247,
248,Purdue University (IN)
249,University of Michigan (MI)
250,Northwestern University (IL)
251,University of Wisconsin-Madison (WI)
252,Purdue University (IN)
253,University of Illinois-Urbana-Champaign (IL)
254,Rose-Hulman Institute of Technology (IN)
255,
256,
257,
258,
259,
260,Purdue University (IN)
261,Carnegie Mellon University (PA)
262,Washington University in Saint Louis (MO)
263,Pennsylvania State University (PA)
264,University of California-Berkeley (CA)
265,University of Illinois-Urbana-Champaign (IL)
266,Pennsylvania State University (PA)
267,
268,
269,Purdue University (IN)
270,Purdue University (IN)
271,
272,
273,Purdue University (IN)
274,Pennsylvania State University (PA)
275,
276,Pennsylvania State University (PA)
277,
278,University of Texas-Dallas (TX)
279,Purdue University (IN)
280,Pennsylvania State University (PA)
281,University of Waterloo (INT)
282,Worcester Polytechnic Institute (MA)
284,
285,
286,University of Pennsylvania (PA)
287,University of Michigan (MI)
288,Pennsylvania State University (PA)
289,University of Texas-Austin (TX)
290,Kent State University (OH)
291,
292,University of Illinois-Urbana-Champaign (IL)
293,Purdue University (IN)
294,University of Cincinnati (OH)
295,Louisiana State University (LA)
296,University of North Texas (TX)
297,
298,
299,University of Illinois-Urbana-Champaign (IL)
300,University of Illinois-Urbana-Champaign (IL)
301,Pennsylvania State University (PA)
302,Tufts University (MA)
303,Purdue University (IN)
304,Columbia University (NY)
305,
306,
307,Purdue University (IN)
308,Purdue University (IN)
309,Yale University (CT)
310,
311,University of Wisconsin-Madison (WI)
312,Massachusetts Institute of Technology (MA)
313,University of North Carolina-Chapel Hill (NC)
314,Pennsylvania State University (PA)
315,
316,Downingtown East High School (PA)
317,McGill University (INT)
318,University of Illinois-Urbana-Champaign (IL)
319,Purdue University (IN)
320,Purdue University (IN)
321,University of North Texas (TX)
322,Purdue University (IN)
323,Northern Illinois University (IL)
324,Pennsylvania State University (PA)
325,Purdue University (IN)
326,
327,Purdue University (IN)
328,University of Illinois-Urbana-Champaign (IL)
329,Purdue University (IN)
330,University of Illinois-Urbana-Champaign (IL)
331,Purdue University (IN)
332,Northwestern University (IL)
333,Case Western Reserve University (OH)
334,Georgia State University (GA)
335,Purdue University (IN)
336,Purdue University (IN)
337,Purdue University (IN)
338,Northwestern University (IL)
339,
340,Purdue University (IN)
341,Purdue University (IN)
342,Purdue University (IN)
343,Rose-Hulman Institute of Technology (IN)
344,University of Michigan (MI)
345,Stevens Institute of Technology (NJ)
346,Purdue University (IN)
347,University of Illinois-Urbana-Champaign (IL)
348,Thomas Jefferson High School for Science and Technology (VA)
349,Purdue University (IN)
350,University of Chicago (IL)
351,University of California-Los Angeles (CA)
352,
353,
354,
355,University of Florida (FL)
356,Purdue University (IN)
357,University of Michigan (MI)
358,Illinois Institute of Technology (IL)
359,Pennsylvania State University (PA)
360,Tufts University (MA)
361,Rochester Institute of Technology (NY)
362,Rensselaer Polytechnic Institute (NY)
363,Purdue University College of Technology-Lafayette (IN)
364,Massachusetts Institute of Technology (MA)
365,Massachusetts Institute of Technology (MA)
366,Massachusetts Institute of Technology (MA)
367,Duke University (NC)
368,Purdue University (IN)
369,University of Cincinnati (OH)
370,Rochester Institute of Technology (NY)
371,University of Maryland - College Park (MD)
372,
373,
374,
375,Ohio State University (OH)
376,Rensselaer Polytechnic Institute (NY)
377,
378,
379,Rose-Hulman Institute of Technology (IN)
380,
381,Miami University (OH)
382,University of Florida (FL)
383,Carnegie Mellon University (PA)
384,University of Illinois-Urbana-Champaign (IL)
385,University of Illinois-Urbana-Champaign (IL)
386,Purdue University (IN)
387,
388,Georgia Institute of Technology (GA)
389,Brown University (RI)
390,University of Illinois-Urbana-Champaign (IL)
391,Worcester Polytechnic Institute (MA)
392,University of Illinois-Urbana-Champaign (IL)
393,Cornell University (NY)
394,
395,University of Waterloo (INT)
396,Rochester Institute of Technology (NY)
397,Florida State University (FL)
398,University of Waterloo (INT)
399,University of Illinois-Urbana-Champaign (IL)
400,Kent State University (OH)
401,Purdue University (IN)
402,McGill University (INT)
403,Carnegie Mellon University (PA)
404,Stanford University (CA)
405,Georgia Institute of Technology (GA)
406,Pennsylvania State University (PA)
407,
408,
409,
410,Pennsylvania State University (PA)
411,Pennsylvania State University-Harrisburg (PA)
412,McGill University (INT)
413,University of Illinois-Urbana-Champaign (IL)
414,Carnegie Mellon University (PA)
415,Massachusetts Institute of Technology (MA)
416,University of Illinois-Urbana-Champaign (IL)
417,University of Illinois-Urbana-Champaign (IL)
418,University of Waterloo (INT)
419,University of Illinois-Urbana-Champaign (IL)
420,University of Illinois-Urbana-Champaign (IL)
421,
422,Old Dominion University (VA)
423,University of Illinois-Urbana-Champaign (IL)
424,University of Illinois-Urbana-Champaign (IL)
425,University of Wisconsin-Madison (WI)
426,Illinois Institute of Technology (IL)
427,University of British Columbia (INT)
428,University of Alabama-Huntsville (AL)
429,McGill University (INT)
430,Illinois Institute of Technology (IL)
431,University of Wisconsin-Madison (WI)
432,University of Maryland - College Park (MD)
433,University of Wisconsin-Madison (WI)
434,Boston University (MA)
435,Purdue University (IN)
436,Marshall University (WV)
437,Illinois Institute of Technology (IL)
438,University of Windsor (ON)
439,Marshall University (WV)
440,Pennsylvania State University-Berks (PA)
441,
442,
443,University of Wisconsin-Madison (WI)
444,
445,
446,University of Missouri (MO)
447,
448,Henry M. Gunn High School (CA)
449,University of Illinois-Urbana-Champaign (IL)
450,Pennsylvania State University (PA)
451,Carnegie Mellon University (PA)
452,Loyola University Chicago (IL)
453,Ohio State University (OH)
454,University of Chicago (IL)
455,
456,Purdue University (IN)
457,Northern Illinois University (IL)
458,University of Chicago (IL)
459,
460,University of Maryland - College Park (MD)
461,
462,University of Maryland - College Park (MD)
463,University of Maryland - College Park (MD)
464,University of Illinois-Urbana-Champaign (IL)
465,University of Illinois-Urbana-Champaign (IL)
466,University of Illinois-Urbana-Champaign (IL)
467,SUNY - Buffalo (NY)
468,Purdue University (IN)
469,Rochester Institute of Technology (NY)
470,University of Maryland - College Park (MD)
471,Columbia University (NY)
472,George Mason University (VA)
473,
474,Clarkson University (NY)
475,Indiana University-Bloomington (IN)
476,
477,Carnegie Mellon University (PA)
478,
479,University of Illinois-Urbana-Champaign (IL)
480,Princeton University (NJ)
481,Boston University (MA)
482,
483,University of Cincinnati (OH)
484,
485,Boston University (MA)
486,University of Illinois-Urbana-Champaign (IL)
487,
488,University of California-Berkeley (CA)
489,Purdue University (IN)
490,Temple University (PA)
491,University of Windsor (ON)
492,Drexel University (PA)
493,Purdue University (IN)
494,University of Wisconsin-Madison (WI)
495,University of Florida (FL)
496,Henry M. Gunn High School (CA)
497,Henry M. Gunn High School (CA)
498,Purdue University (IN)
499,University of Southern California (CA)
500,University of Waterloo (INT)
501,Henry M. Gunn High School (CA)
502,University of Wisconsin-Madison (WI)
503,Purdue University (IN)
504,University of Illinois-Urbana-Champaign (IL)
505,University of Iowa (IA)
506,University of Notre Dame (IN)
507,University of Notre Dame (IN)
508,
509,Georgia Institute of Technology (GA)
510,
511,Fresno City College (CA)
512,University of Toronto (ON)
513,University of California-Berkeley (CA)
514,SUNY - Buffalo (NY)
515,Dickinson College (PA)
516,University of Illinois-Urbana-Champaign (IL)
517,University of Wisconsin System (WI)
518,Ohio State University (OH)
519,
520,Ohio State University (OH)
521,Emory University (GA)
522,University of Missouri (MO)
523,University of Illinois-Urbana-Champaign (IL)
524,Ohio State University (OH)
525,University of Maryland - College Park (MD)
526,University of Wisconsin-Madison (WI)
527,Ohio State University (OH)
528,University of Illinois-Urbana-Champaign (IL)
529,Purdue University (IN)
530,Virginia Polytechnic Institute & State University (VA)
531,University of Maryland - College Park (MD)
532,Pennsylvania State University (PA)
533,
534,
535,Princeton University (NJ)
536,Ohio State University (OH)
537,University of Michigan (MI)
538,North Carolina State University (NC)
539,Pennsylvania State University (PA)
540,University of Iowa (IA)
541,Purdue University (IN)
542,University of Maryland - College Park (MD)
543,University of Notre Dame (IN)
544,
545,University of Texas-Austin (TX)
546,
547,University of Illinois-Urbana-Champaign (IL)
548,Pennsylvania State University (PA)
549,University of Illinois-Urbana-Champaign (IL)
550,University of Illinois-Urbana-Champaign (IL)
551,Ohio State University (OH)
552,Purdue University (IN)
553,University of Waterloo (INT)
554,Rose-Hulman Institute of Technology (IN)
555,Washington University in Saint Louis (MO)
556,Ohio State University (OH)
557,University of Massachusetts-Amherst (MA)
558,University of Illinois-Urbana-Champaign (IL)
559,Purdue University (IN)
560,University of Illinois-Urbana-Champaign (IL)
561,University of California-Los Angeles (CA)
562,Ohio State University (OH)
563,Columbia University (NY)
564,
565,University of Illinois-Urbana-Champaign (IL)
566,University of Wisconsin-Madison (WI)
567,Ohio State University (OH)
568,University of Iowa (IA)
569,University of Illinois-Urbana-Champaign (IL)
570,Fisk University (TN)
571,Pennsylvania State University (PA)
572,Purdue University (IN)
573,SUNY - Buffalo (NY)
574,Pennsylvania State University (PA)
575,Ohio University (OH)
576,Purdue University (IN)
577,University of Michigan (MI)
578,University of Maryland - College Park (MD)
579,New York University (NY)
580,University of California-Berkeley (CA)
581,Kent State University (OH)
582,Purdue University (IN)
583,Cornell University (NY)
584,Rose-Hulman Institute of Technology (IN)
585,
586,Purdue University (IN)
587,Ohio State University (OH)
588,University of Illinois-Urbana-Champaign (IL)
589,University of Kentucky (KY)
590,Michigan Technological University (MI)
591,University of Illinois-Urbana-Champaign (IL)
592,University of Illinois-Urbana-Champaign (IL)
593,
594,University of Maryland - College Park (MD)
595,SUNY - Buffalo (NY)
596,University of California-Los Angeles (CA)
597,Purdue University (IN)
598,
599,Purdue University (IN)
600,University of Illinois-Urbana-Champaign (IL)
601,Carnegie Mellon University (PA)
602,University of Waterloo (INT)
603,University of Iowa (IA)
604,Purdue University (IN)
605,University of Georgia (GA)
606,Purdue University (IN)
607,Purdue University (IN)
608,Purdue University (IN)
609,Pennsylvania State University (PA)
610,
611,Ohio State University (OH)
612,Northwestern University (IL)
613,Pennsylvania State University (PA)
614,McGill University (INT)
615,University of Texas-Austin (TX)
616,Purdue University (IN)
617,Purdue University (IN)
618,Texas A&M University (TX)
619,University of Michigan (MI)
620,Texas A&M University (TX)
621,University of Illinois-Urbana-Champaign (IL)
622,University of Illinois-Urbana-Champaign (IL)
623,University of Illinois-Urbana-Champaign (IL)
624,Purdue University (IN)
625,University of Maryland - College Park (MD)
626,
627,
628,Purdue University (IN)
629,Ohio State University (OH)
630,University of Michigan (MI)
631,Ohio State University (OH)
632,Ohio State University (OH)
633,Iowa State University (IA)
634,University of Michigan (MI)
635,University of California-Los Angeles (CA)
636,
637,Purdue University (IN)
638,Smith College (MA)
639,Ohio State University (OH)
640,Indiana Institute of Technology (IN)
641,Purdue University (IN)
642,University of Michigan (MI)
643,Purdue University College of Technology-Lafayette (IN)
644,Iowa State University (IA)
645,Ohio State University (OH)
646,Kent State University (OH)
647,University of Waterloo (INT)
648,Ohio State University (OH)
649,University of Maryland - College Park (MD)
650,
651,Pennsylvania State University (PA)
652,
653,University of Texas-Dallas (TX)
654,Purdue University (IN)
655,Purdue University (IN)
656,Pennsylvania State University-Harrisburg (PA)
657,Purdue University (IN)
658,University of Wisconsin-Madison (WI)
659,
660,University of Waterloo (INT)
661,Purdue University (IN)
662,Carnegie Mellon University (PA)
663,University of California-Los Angeles (CA)
664,Ohio State University (OH)
665,University of California-Los Angeles (CA)
666,North Carolina State University (NC)
667,University of Toronto (ON)
668,Georgia Institute of Technology (GA)
669,Ohio State University (OH)
670,North Carolina State University (NC)
671,Fisk University (TN)
672,
673,Massachusetts Institute of Technology (MA)
674,Ohio State University (OH)
675,North Carolina State University (NC)
676,Ohio State University (OH)
677,
678,Purdue University (IN)
679,
680,Northwestern University (IL)
681,
682,Purdue University (IN)
683,University of Pennsylvania (PA)
684,Cornell University (NY)
685,Georgia Institute of Technology (GA)
686,
687,Northeastern University (MA)
688,Georgia Institute of Technology (GA)
689,University of Wisconsin-Madison (WI)
690,North Carolina State University (NC)
691,University of Wisconsin-Madison (WI)
692,Princeton University (NJ)
693,
694,Georgia Institute of Technology (GA)
695,
696,
697,Duke University (NC)
698,University of Wisconsin-Madison (WI)
699,Ohio State University (OH)
700,University of California-Los Angeles (CA)
701,University of California-Los Angeles (CA)
702,University of California-Berkeley (CA)
703,
704,Purdue University (IN)
705,North Carolina State University (NC)
706,University of California-Berkeley (CA)
707,University of Wisconsin-Madison (WI)
708,Virginia Polytechnic Institute & State University (VA)
709,
710,Purdue University (IN)
711,University of Waterloo (INT)
712,University of Maryland - College Park (MD)
713,
714,University of Maryland - College Park (MD)
715,
716,Purdue University (IN)
717,University of Waterloo (INT)
718,University of Waterloo (INT)
719,
720,New York University (NY)
721,
722,University of Wisconsin-Madison (WI)
723,University of Pennsylvania (PA)
724,Ohio State University (OH)
725,Brown University (RI)
726,Brown University (RI)
727,Purdue University (IN)
728,
729,Ohio State University (OH)
730,Purdue University (IN)
731,Ohio State University (OH)
732,Boston College (MA)
733,University of California-Davis (CA)
734,Purdue University (IN)
735,Purdue University (IN)
736,Purdue University-North Central (IN)
737,Pennsylvania State University (PA)
738,University of Pennsylvania (PA)
739,Northwestern College (IA)
740,Purdue University (IN)
741,
742,University of Missouri (MO)
743,Rose-Hulman Institute of Technology (IN)
744,
745,Ohio State University (OH)
746,University of Maryland - College Park (MD)
747,Purdue University (IN)
748,Purdue University (IN)
749,University of Notre Dame (IN)
750,
751,Ohio State University (OH)
752,Carnegie Mellon University (PA)
753,Purdue University (IN)
754,University of Illinois-Urbana-Champaign (IL)
755,Boston University (MA)
756,University of Missouri (MO)
757,University of Missouri (MO)
758,Iowa State University (IA)
759,University of Illinois-Urbana-Champaign (IL)
760,College of DuPage (IL)
761,Purdue University (IN)
762,
763,University of Illinois-Urbana-Champaign (IL)
764,
765,SUNY - Buffalo (NY)
766,Youngstown State University (OH)
767,University of Illinois-Urbana-Champaign (IL)
768,
769,University of Michigan (MI)
770,University of Michigan (MI)
771,University of Michigan (MI)
772,Massachusetts Institute of Technology (MA)
773,University of Waterloo (INT)
774,Northwestern University (IL)
775,University of Maryland - Baltimore County (MD)
776,University of Illinois-Urbana-Champaign (IL)
777,University of Central Florida (FL)
778,
779,SUNY - Binghamton (NY)
780,Temple University (PA)
781,
782,SUNY - Binghamton (NY)
783,Georgia Institute of Technology (GA)
784,
785,
786,Cornell University (NY)
787,Stanford University (CA)
788,University of Maryland - College Park (MD)
789,Case Western Reserve University (OH)
790,Case Western Reserve University (OH)
791,New Mexico Institute of Mining & Technology (NM)
792,Rochester Institute of Technology (NY)
793,University of Maryland - College Park (MD)
794,University of Illinois-Urbana-Champaign (IL)
795,Case Western Reserve University (OH)
796,University of Texas-Austin (TX)
797,Rice University (TX)
798,University of California-Berkeley (CA)
799,Purdue University (IN)
800,
801,University of Maryland - College Park (MD)
802,University of Calgary (INT)
803,University of Wisconsin-Madison (WI)
804,University of Wisconsin-Madison (WI)
805,Villanova University (PA)
806,University of Wisconsin-Madison (WI)
807,Princeton University (NJ)
808,New York University (NY)
809,University of Texas-Austin (TX)
810,
811,Dickinson College (PA)
812,Purdue University (IN)
813,University of Toronto (ON)
814,University of California-Los Angeles (CA)
815,University of California-Los Angeles (CA)
816,Purdue University (IN)
817,
818,Valparaiso University (IN)
819,Purdue University (IN)
820,University of Illinois-Urbana-Champaign (IL)
821,University of Illinois-Urbana-Champaign (IL)
822,
823,Purdue University (IN)
824,McGill University (INT)
825,
826,Columbia University (NY)
827,University of Southern California (CA)
828,University of Pennsylvania (PA)
829,Purdue University (IN)
830,
831,Cornell University (NY)
832,
833,University of Minnesota-Twin Cities (MN)
834,Kent State University (OH)
835,Marshall University (WV)
836,University of Maryland - College Park (MD)
837,Temple University (PA)
838,Ohio State University (OH)
839,Purdue University (IN)
840,Purdue University (IN)
841,University of Waterloo (INT)
842,Duke University (NC)
843,Duke University (NC)
844,Purdue University (IN)
845,Purdue University (IN)
846,
847,Purdue University (IN)
848,Ohio State University (OH)
849,
850,Illinois Institute of Technology (IL)
851,
852,Pomona College (CA)
853,Purdue University (IN)
854,
855,
856,Georgia Institute of Technology (GA)
857,Pennsylvania State University (PA)
858,Purdue University (IN)
859,New York University (NY)
860,University of California-Los Angeles (CA)
861,
862,Purdue University (IN)
863,University of Illinois-Urbana-Champaign (IL)
864,Carnegie Mellon University (PA)
865,University of Illinois-Urbana-Champaign (IL)
866,University of Iowa (IA)
867,Georgia Institute of Technology (GA)
868,University of Pennsylvania (PA)
869,University of Illinois-Urbana-Champaign (IL)
870,McGill University (INT)
871,University of Wisconsin-Madison (WI)
872,University of Wisconsin-Madison (WI)
873,University of Wisconsin-Madison (WI)
874,University of Wisconsin-Madison (WI)
875,
876,Worcester Polytechnic Institute (MA)
877,University of California-Los Angeles (CA)
878,Purdue University (IN)
879,University of Illinois-Urbana-Champaign (IL)
880,Georgia Institute of Technology (GA)
881,Rutgers University-New Brunswick (NJ)
882,
883,University of Florida (FL)
884,Purdue University (IN)
885,Kent State University (OH)
886,Kent State University (OH)
887,Baylor University (TX)
888,University of Iowa (IA)
889,
890,University of California-Berkeley (CA)
891,Purdue University (IN)
892,Rutgers University-New Brunswick (NJ)
893,SUNY - Buffalo (NY)
894,North Carolina State University (NC)
895,Boston University (MA)
896,University of Texas-Austin (TX)
897,University of Iowa (IA)
898,SUNY - Binghamton (NY)
899,Purdue University (IN)
900,University of Iowa (IA)
901,Purdue University (IN)
902,Purdue University (IN)
903,Georgia Institute of Technology (GA)
904,Brown University (RI)
905,Purdue University (IN)
906,University of Missouri (MO)
907,Purdue University (IN)
908,Rose-Hulman Institute of Technology (IN)
909,Purdue University College of Technology-Lafayette (IN)
910,Loyola Marymount University (CA)
911,
912,University of Illinois-Urbana-Champaign (IL)
913,Purdue University (IN)
914,Miami University (OH)
915,Illinois State University (IL)
916,Purdue University (IN)
920,
921,
922,Cornell University (NY)
923,McGill University (INT)
924,
925,Temple University (PA)
926,
927,Purdue University-Calumet (IN)
928,University of Virginia (VA)
929,Purdue University (IN)
930,University of Illinois-Urbana-Champaign (IL)
931,Western Michigan University (MI)
932,Illinois Institute of Technology (IL)
933,Illinois Institute of Technology (IL)
934,Illinois Institute of Technology (IL)
935,University of Illinois-Urbana-Champaign (IL)
937,High School Hackers (ALL)
938,Carnegie Mellon University (PA)
939,West Windsor - Plainsboro High School North (NJ)
940,
941,Cupertino High School (CA)
942,University of Illinois-Urbana-Champaign (IL)
943,University of Illinois-Urbana-Champaign (IL)
944,
945,Rochester Institute of Technology (NY)
946,Wright State University (OH)
947,
948,
949,
950,Harvard University (MA)
951,University of Texas-Austin (TX)
952,Purdue University College of Technology-Lafayette (IN)
953,Purdue University (IN)
954,Purdue University (IN)
955,
956,Columbia University (NY)
957,Purdue University (IN)
958,Virginia Polytechnic Institute & State University (VA)
959,Purdue University College of Technology-Lafayette (IN)
960,
961,University of Michigan (MI)
962,Purdue University (IN)
963,Purdue University (IN)
964,University of Illinois-Urbana-Champaign (IL)
965,Purdue University (IN)
966,University of Washington (WA)
967,University of Virginia (VA)
968,University of Illinois-Urbana-Champaign (IL)
969,
970,Georgia Institute of Technology (GA)
971,University of Illinois-Urbana-Champaign (IL)
972,
973,University of Cincinnati (OH)
974,Columbia University (NY)
975,Purdue University (IN)
976,Ohio State University (OH)
977,
978,University of Cincinnati (OH)
979,Purdue University (IN)
980,University of Cincinnati (OH)
981,Rutgers University-New Brunswick (NJ)
982,Cornell University (NY)
983,
984,
985,
986,Purdue University (IN)
987,Michigan Technological University (MI)
988,Purdue University (IN)
989,
990,
991,Rochester Institute of Technology (NY)
992,University of Illinois-Urbana-Champaign (IL)
993,University of Pennsylvania (PA)
994,Purdue University (IN)
995,University of Michigan (MI)
996,University of Iowa (IA)
997,Thomas Jefferson High School for Science and Technology (VA)
998,
999,North Carolina State University (NC)
1000,Purdue University (IN)
1001,Morehouse College (GA)
1002,University of Illinois-Urbana-Champaign (IL)
1003,
1004,University of Illinois-Urbana-Champaign (IL)
1005,University of Illinois-Urbana-Champaign (IL)
1006,High School Hackers (ALL)
1007,University of Akron (OH)
1008,Massachusetts Institute of Technology (MA)
1009,San Diego State University (CA)
1010,San Diego State University (CA)
1011,San Diego State University (CA)
1012,University of California-Berkeley (CA)
1013,University of Cincinnati (OH)
1014,Purdue University (IN)
1015,Georgia Institute of Technology (GA)
1016,Purdue University (IN)
1017,University of Central Florida (FL)
1018,
1019,
1020,
1021,
1022,
1023,
1024,
1025,University of Iowa (IA)
1026,University of Iowa (IA)
1027,University of Illinois-Urbana-Champaign (IL)
1028,University of Illinois-Urbana-Champaign (IL)
1029,University of California-Berkeley (CA)
1030,
1031,
1032,
1033,Indiana University System (IN)
1034,Case Western Reserve University (OH)
1035,Newman Catholic High School (IA)
1036,University of Iowa (IA)
1037,
1038,Wright State University (OH)
1039,
1040,High School Hackers (ALL)
1041,Northeastern University (MA)
1042,Purdue University (IN)
1043,Yale University (CT)
1044,Cupertino High School (CA)
1045,Georgia Institute of Technology (GA)
1046,
1047,University of Illinois-Urbana-Champaign (IL)
1048,Harvard University (MA)
1049,Purdue University (IN)
1050,University of Florida (FL)
1051,University of Cincinnati (OH)
1052,Iowa State University (IA)
1053,University of Illinois-Urbana-Champaign (IL)
1054,University of Cincinnati (OH)
1055,Purdue University (IN)
1056,Purdue University (IN)
1057,Purdue University (IN)
1058,Howard University (DC)
1059,University of Maryland - College Park (MD)
1060,
1061,University of Illinois-Urbana-Champaign (IL)
1062,Rose-Hulman Institute of Technology (IN)
1063,University of Cincinnati (OH)
1064,
1065,High School Hackers (ALL)
1066,New York University (NY)
1067,George Mason University (VA)
1068,George Mason University (VA)
1069,Texas A&M University (TX)
1070,Purdue University (IN)
1071,University of California-Berkeley (CA)
1072,Carnegie Mellon University (PA)
1073,Carnegie Mellon University (PA)
1074,Carnegie Mellon University (PA)
1075,Virginia Polytechnic Institute & State University (VA)
1076,University of Illinois-Urbana-Champaign (IL)
1077,University of Wisconsin-Madison (WI)
1078,
1079,Vanderbilt University (TN)
1080,University of Missouri (MO)
1081,SUNY - Stony Brook (NY)
1082,
1083,Brown University (RI)
1084,High School Hackers (ALL)
1085,Purdue University (IN)
1086,Massachusetts Institute of Technology (MA)
1087,Rutgers University-New Brunswick (NJ)
1088,Purdue University (IN)
1089,University of Illinois-Urbana-Champaign (IL)
1090,
1091,University of Iowa (IA)
1092,
1093,San Diego State University (CA)
1094,University of Waterloo (INT)
1095,University of Waterloo (INT)
1096,
1097,
1098,Pennsylvania State University (PA)
1099,Pennsylvania State University (PA)
1100,George Mason University (VA)
1101,Purdue University (IN)
1102,Purdue University College of Technology-Lafayette (IN)
1103,
1104,University of Iowa (IA)
1105,
1106,
1107,
1108,"California Polytechnic State University, San Luis Obispo (CA)"
1109,University of Illinois-Chicago (IL)
1110,University of Illinois-Chicago (IL)
1111,Indiana University-Bloomington (IN)
1112,University of Michigan (MI)
1113,Rose-Hulman Institute of Technology (IN)
1114,Rose-Hulman Institute of Technology (IN)
1115,University of Michigan (MI)
1116,Virginia Polytechnic Institute & State University (VA)
1118,Purdue University (IN)
1119,University of Illinois-Urbana-Champaign (IL)
1120,Rensselaer Polytechnic Institute (NY)
1121,High School Hackers (ALL)
1122,
1123,Cornell University (NY)
1124,Ohio State University (OH)
1125,Purdue University (IN)
1126,Kent State University (OH)
1127,Purdue University (IN)
1128,
1129,Pennsylvania State University (PA)
1130,University of Pennsylvania (PA)
1131,New York University (NY)
1132,Purdue University (IN)
1133,Purdue University (IN)
1134,DePauw University (IN)
1135,University of Illinois-Urbana-Champaign (IL)
1136,Iowa State University (IA)
1137,University of Louisville (KY)
1138,McGill University (INT)
1139,Grinnell College (IA)
1140,University of Michigan (MI)
1141,University of Illinois-Urbana-Champaign (IL)
1142,Rutgers University-New Brunswick (NJ)
1143,Rose-Hulman Institute of Technology (IN)
1144,SUNY - Binghamton (NY)
1145,
1146,Stanford University (CA)
1147,Stanford University (CA)
1148,University of Iowa (IA)
1149,Purdue University (IN)
1150,University of Waterloo (INT)
1151,University of California-Berkeley (CA)
1152,Lawrence Technological University (MI)
1153,New York University (NY)
1154,University of Illinois-Urbana-Champaign (IL)
1155,
1156,
1157,Rutgers University-New Brunswick (NJ)
1158,Indiana University/Purdue University at Indianapolis (IN)
1159,
1160,Florida International University (FL)
1161,
1162,
1163,
1164,University of Illinois-Urbana-Champaign (IL)
1165,University of Wisconsin-Madison (WI)
1166,Purdue University (IN)
1167,
1168,Rose-Hulman Institute of Technology (IN)
1169,South Carolina State University (SC)
1170,New York University (NY)
1171,University of Notre Dame (IN)
1172,
1173,Brown University (RI)
1174,University of Illinois-Urbana-Champaign (IL)
1175,Lafayette College (PA)
1176,
1177,
1178,
1179,Massachusetts Institute of Technology (MA)
1180,University of Maryland - College Park (MD)
1181,Purdue University (IN)
1182,
1183,
1184,Iowa State University (IA)
1185,Purdue University College of Technology-Lafayette (IN)
1186,University of California-Berkeley (CA)
1187,University of Wisconsin-Madison (WI)
1188,Saint Olaf College (MN)
1189,University of Illinois System (IL)
1190,
1191,
1192,Vanderbilt University (TN)
1193,High School Hackers (ALL)
1194,
1195,High School Hackers (ALL)
1196,University of California-Berkeley (CA)
1197,
1198,
1199,High School Hackers (ALL)
1200,Purdue University (IN)
1201,
1202,University of Washington (WA)
1203,McGill University (INT)
1204,
1205,
1206,University of Illinois-Urbana-Champaign (IL)
1207,
1208,Swarthmore College (PA)
1209,High School Hackers (ALL)
1210,University of Waterloo (INT)
1211,
1212,Northwestern University (IL)
1213,
1214,Miami University (OH)
1215,University of Notre Dame (IN)
1216,
1217,University of Waterloo (INT)
1218,Georgia Institute of Technology (GA)
1219,University of Southern California (CA)
1220,
1221,Iowa State University (IA)
1222,University of Toronto (ON)
1223,University of Illinois-Urbana-Champaign (IL)
1224,University of Waterloo (INT)
1225,George Washington University (DC)
1226,Rose-Hulman Institute of Technology (IN)
1227,
1228,Yale University (CT)
1229,University of Waterloo (INT)
1230,University of Waterloo (INT)
1231,"California State Polytechnic University, Pomona (CA)"
1232,Rice University (TX)
1233,University of Waterloo (INT)
1234,
1235,Stanford University (CA)
1236,DePaul University (IL)
1237,Georgia Institute of Technology (GA)
1238,Rose-Hulman Institute of Technology (IN)
1239,University of Toronto (ON)
1240,University of Illinois-Urbana-Champaign (IL)
1241,University of Wisconsin-Madison (WI)
1242,
1243,Purdue University (IN)
1244,Washington University in Saint Louis (MO)
1245,
1246,University of Wisconsin-Madison (WI)
1247,University of Toronto (ON)
1248,Rose-Hulman Institute of Technology (IN)
1249,
1250,Purdue University (IN)
1251,
1252,
1253,University of Wisconsin-Madison (WI)
1254,California College of the Arts (CA)
1255,University of Pittsburgh (PA)
1256,University of Illinois-Urbana-Champaign (IL)
1257,University of Illinois-Urbana-Champaign (IL)
1258,Ball State University (IN)
1259,Indiana Institute of Technology (IN)
1260,Georgia Institute of Technology (GA)
1261,High School Hackers (ALL)
1262,University of California System (CA)
1263,Washington University in Saint Louis (MO)
1264,
1265,Pennsylvania State University (PA)
1266,High School Hackers (ALL)
1267,
1268,
1269,University of Illinois System (IL)
1270,University of Illinois System (IL)
1271,High School Hackers (ALL)
1272,University of California-Davis (CA)
1273,University of Illinois-Urbana-Champaign (IL)
1274,Purdue University (IN)
1275,University of Illinois-Urbana-Champaign (IL)
1276,University of Illinois-Urbana-Champaign (IL)
1277,Ohio State University (OH)
1278,University of Illinois-Urbana-Champaign (IL)
1279,
1280,
1281,University of Illinois-Urbana-Champaign (IL)
1282,University of Illinois-Urbana-Champaign (IL)
1283,University of Illinois-Urbana-Champaign (IL)
1284,University of Illinois-Urbana-Champaign (IL)
1285,University of Illinois-Urbana-Champaign (IL)
1286,Yale University (CT)
1287,Thomas Jefferson High School for Science and Technology (VA)
1288,New York University (NY)
1289,Purdue University (IN)
1290,University of Illinois-Urbana-Champaign (IL)
1291,University of Notre Dame (IN)
1292,
1293,
1294,University of Illinois-Urbana-Champaign (IL)
1295,University of Illinois-Urbana-Champaign (IL)
1296,University of Illinois-Urbana-Champaign (IL)
1297,University of Illinois-Urbana-Champaign (IL)
1298,University of Illinois-Urbana-Champaign (IL)
1299,University of Illinois-Urbana-Champaign (IL)
1300,University of Illinois-Urbana-Champaign (IL)
1301,University of Illinois-Urbana-Champaign (IL)
1302,Purdue University (IN)
1303,University of Illinois-Urbana-Champaign (IL)
1304,
1305,University of Waterloo (INT)
1306,University of Waterloo (INT)
1307,High School Hackers (ALL)
1308,University of Washington (WA)
1309,University of Illinois-Urbana-Champaign (IL)
1310,Rose-Hulman Institute of Technology (IN)
1311,University of Maryland - College Park (MD)
1312,University of Maryland - College Park (MD)
1313,University of Maryland - College Park (MD)
1314,University of Maryland - College Park (MD)
1315,
1316,University of Maryland - College Park (MD)
1317,University of Maryland - College Park (MD)
1318,University of Maryland - College Park (MD)
1319,High School Hackers (ALL)
1320,Purdue University (IN)
1321,University of Waterloo (INT)
1322,
1323,
1324,
1325,
1326,University of Maryland - College Park (MD)
1327,Rensselaer Polytechnic Institute (NY)
1328,University of Maryland - College Park (MD)
1329,Carnegie Mellon University (PA)
1330,University of Houston (TX)
1331,SUNY - Stony Brook (NY)
1332,University of Illinois-Urbana-Champaign (IL)
1333,Purdue University (IN)
1334,Dartmouth College (NH)
1335,
1336,Lehigh University (PA)
1337,University of Illinois-Urbana-Champaign (IL)
1338,University of Illinois-Urbana-Champaign (IL)
1339,University of Illinois-Urbana-Champaign (IL)
1340,Illinois Institute of Technology (IL)
1341,McGill University (INT)
1342,University of Illinois-Urbana-Champaign (IL)
1343,University of Illinois-Urbana-Champaign (IL)
1344,University of Illinois-Urbana-Champaign (IL)
1345,University of Illinois-Urbana-Champaign (IL)
1346,University of Illinois-Urbana-Champaign (IL)
1347,University of Illinois-Urbana-Champaign (IL)
1348,Connecticut College (CT)
1349,
1350,
1351,University of Illinois-Urbana-Champaign (IL)
1352,Rutgers University-New Brunswick (NJ)
1353,Bergen County Academies - High School (NJ)
1354,University of California-Los Angeles (CA)
1355,Rutgers University-New Brunswick (NJ)
1356,
1357,University of Toronto (ON)
1358,
1359,"California State Polytechnic University, Pomona (CA)"
1360,University of Maryland - College Park (MD)
1361,
1362,University of California-San Diego (CA)
1363,University of Waterloo (INT)
1364,
1365,Virginia Polytechnic Institute & State University (VA)
1366,Cupertino High School (CA)
1367,
1368,University of California-San Diego (CA)
1369,University of Southern California (CA)
1370,Purdue University (IN)
1371,Connecticut College (CT)
1372,University of Southern California (CA)
1373,
1374,University of Wisconsin-Madison (WI)
1375,Purdue University (IN)
1376,Purdue University College of Technology-Lafayette (IN)
1377,University of Waterloo (INT)
1378,Purdue University (IN)
1379,Northeastern University (MA)
1380,SUNY - Stony Brook (NY)
1381,Abington Senior High School (PA)
1382,University of Illinois-Urbana-Champaign (IL)
1383,Georgia Institute of Technology (GA)
1384,University of Illinois-Urbana-Champaign (IL)
1385,University of Illinois-Urbana-Champaign (IL)
1386,Massachusetts Institute of Technology (MA)
1387,George Mason University (VA)
1388,Purdue University (IN)
1389,Purdue University (IN)
1390,Michigan State University (MI)
1391,Purdue University (IN)
1392,Purdue University (IN)
1393,University of Waterloo (INT)
1394,
1395,University of Waterloo (INT)
1396,Thomas Jefferson High School for Science and Technology (VA)
1397,University of Waterloo (INT)
1398,University of Illinois-Urbana-Champaign (IL)
1399,University of Wisconsin-Madison (WI)
1400,Purdue University College of Technology-Lafayette (IN)
1401,University of Chicago (IL)
1402,
1403,Rensselaer Polytechnic Institute (NY)
1404,University of California-Irvine (CA)
1405,Monta Vista High School (CA)
1406,New York University (NY)
1407,University of Illinois-Urbana-Champaign (IL)
1408,Georgia Institute of Technology (GA)
1409,
1410,Pennsylvania State University (PA)
1411,
1412,Pennsylvania State University (PA)
1413,Massachusetts Institute of Technology (MA)
1414,University of Illinois-Urbana-Champaign (IL)
1415,University of Illinois-Urbana-Champaign (IL)
1416,Pennsylvania State University (PA)
1417,University of Illinois-Urbana-Champaign (IL)
1418,University of Illinois-Urbana-Champaign (IL)
1419,University of Illinois-Urbana-Champaign (IL)
1420,University of Illinois-Urbana-Champaign (IL)
1421,Princeton University (NJ)
1422,University of Waterloo (INT)
1423,Purdue University (IN)
1424,University of Illinois-Urbana-Champaign (IL)
1425,SUNY - Buffalo (NY)
1426,
1427,High School Hackers (ALL)
1428,Thomas Jefferson High School for Science and Technology (VA)
1429,Grinnell College (IA)
1430,University of Waterloo (INT)
1431,University of Maryland - College Park (MD)
1432,University of Wisconsin-Madison (WI)
1433,High School Hackers (ALL)
1434,University of Maryland - College Park (MD)
1435,Purdue University (IN)
1436,University of Maryland - College Park (MD)
1437,
1438,Oberlin College (OH)
1439,University of Michigan (MI)
1440,University of Michigan (MI)
1441,
1442,University of Michigan (MI)
1443,Purdue University College of Technology-Lafayette (IN)
1444,
1445,Purdue University (IN)
1446,Thomas Jefferson High School for Science and Technology (VA)
1447,Indiana University/Purdue University at Indianapolis (IN)
1448,University of Wisconsin-Madison (WI)
1449,High School Hackers (ALL)
1450,University of Iowa (IA)
1451,University of California-San Diego (CA)
1452,Purdue University College of Technology-Lafayette (IN)
1453,Purdue University (IN)
1454,University of Maryland - College Park (MD)
1455,University of Michigan (MI)
1456,Purdue University College of Technology-Lafayette (IN)
1457,Purdue University College of Technology-Lafayette (IN)
1458,
1459,Purdue University (IN)
1460,Purdue University (IN)
1461,Purdue University (IN)
1462,
1463,
1464,Pennsylvania State University (PA)
1465,Purdue University (IN)
1466,High School Hackers (ALL)
1467,Columbia University (NY)
1468,Rose-Hulman Institute of Technology (IN)
1469,Purdue University (IN)
1470,
1471,University of Maryland - College Park (MD)
1472,Indiana University-Bloomington (IN)
1473,
1474,University of Illinois-Urbana-Champaign (IL)
1475,University of Illinois-Urbana-Champaign (IL)
1476,University of Michigan (MI)
1477,University of California-Los Angeles (CA)
1478,North Carolina State University (NC)
1479,University of Waterloo (INT)
1480,Purdue University (IN)
1481,Ohio State University (OH)
1482,Bryn Mawr College (PA)
1483,McGill University (INT)
1484,Purdue University (IN)
1485,Kent State University (OH)
1486,Pennsylvania State University (PA)
1487,Purdue University (IN)
1488,Purdue University College of Technology-Lafayette (IN)
1489,Rochester Institute of Technology (NY)
1490,University of Illinois-Urbana-Champaign (IL)
1491,Purdue University College of Technology-Lafayette (IN)
1492,Purdue University (IN)
1493,Purdue University (IN)
1494,Cypress College (CA)
1495,Pennsylvania State University-Harrisburg (PA)
1496,
1497,
1498,Marshall University (WV)
1499,Rose-Hulman Institute of Technology (IN)
1500,University of Maryland - College Park (MD)
1501,Purdue University College of Technology-Lafayette (IN)
1502,University of Illinois-Urbana-Champaign (IL)
1503,University of Maryland - College Park (MD)
1504,University of Maryland - College Park (MD)
1505,University of Maryland - College Park (MD)
1506,University of Maryland - College Park (MD)
1507,University of Maryland - College Park (MD)
1508,Purdue University (IN)
1509,Swarthmore College (PA)
1510,Pennsylvania State University (PA)
1511,University of Maryland - College Park (MD)
1512,Connecticut College (CT)
1513,University of Maryland - College Park (MD)
1514,University of Maryland - College Park (MD)
1515,
1516,University of Maryland - College Park (MD)
1517,
1518,University of North Texas (TX)
1519,Purdue University (IN)
1520,University of Notre Dame (IN)
1521,Purdue University (IN)
1522,
1523,Purdue University (IN)
1524,University of Iowa (IA)
1525,Ohio State University (OH)
1526,Purdue University (IN)
1527,
1528,
1529,
1530,
1531,University of Maryland - College Park (MD)
1532,Ohio State University (OH)
1533,Purdue University (IN)
1534,Ohio State University (OH)
1535,McGill University (INT)
1536,McGill University (INT)
1537,
1538,
1539,Connecticut College (CT)
1540,
1541,McGill University (INT)
1542,
1543,Carnegie Mellon University (PA)
1544,Rutgers University-New Brunswick (NJ)
1545,McGill University (INT)
1546,
1547,Ohio State University (OH)
1548,McGill University (INT)
1549,McGill University (INT)
1550,
1551,Connecticut College (CT)
1552,McGill University (INT)
1553,McGill University (INT)
1554,McGill University (INT)
1555,Southern Polytechnic State University (GA)
1556,Connecticut College (CT)
1557,University of Maryland - College Park (MD)
1558,Pennsylvania State University (PA)
1559,Purdue University (IN)
1560,Purdue University (IN)
1561,Massachusetts Institute of Technology (MA)
1562,University of Texas-Austin (TX)
1563,University of Illinois-Urbana-Champaign (IL)
1564,University of Illinois-Urbana-Champaign (IL)
1565,Purdue University (IN)
1566,Pennsylvania State University (PA)
1567,Pennsylvania State University (PA)
1568,University of Illinois-Urbana-Champaign (IL)
1569,Purdue University (IN)
1570,Carnegie Mellon University (PA)
1571,Kent State University (OH)
1572,University of Iowa (IA)
1573,Carnegie Mellon University (PA)
1574,Purdue University (IN)
1575,University of Florida (FL)
1576,Stanford University (CA)
1577,Carnegie Mellon University (PA)
1578,
1579,Carnegie Mellon University (PA)
1580,
1581,Ohio State University (OH)
1582,University of Michigan (MI)
1583,University of Michigan (MI)
1584,William Rainey Harper College (IL)
1585,University of Waterloo (INT)
1586,
1587,
1588,University of Iowa (IA)
1589,Kent State University (OH)
1590,University of Iowa (IA)
1591,
1592,University of Illinois-Urbana-Champaign (IL)
1593,McGill University (INT)
1594,Connecticut College (CT)
1595,University of Iowa (IA)
1596,McGill University (INT)
1597,Carnegie Mellon University (PA)
1598,
1599,Pennsylvania State University (PA)
1600,Purdue University (IN)
1601,Purdue University (IN)
1602,
1603,Purdue University College of Technology-Lafayette (IN)
1604,
1605,Purdue University (IN)
1606,Ohio State University (OH)
1607,Purdue University (IN)
1608,
1609,Purdue University (IN)
1610,
1611,Purdue University (IN)
1612,Purdue University (IN)
1613,Purdue University (IN)
1614,
1615,Purdue University (IN)
1616,Purdue University (IN)
1617,Purdue University (IN)
1618,University of Texas-Austin (TX)
1619,Purdue University (IN)
1620,
1621,Purdue University (IN)
1622,Purdue University (IN)
1623,Purdue University (IN)
1624,
1625,
1626,Purdue University (IN)
1627,University of Iowa (IA)
1628,Carnegie Mellon University (PA)
1629,Purdue University College of Technology-Lafayette (IN)
1630,Purdue University (IN)
1631,Indiana University/Purdue University at Columbus (IN)
1632,Purdue University (IN)
1633,
1634,Purdue University (IN)
1635,Purdue University (IN)
1636,
1637,Purdue University (IN)
1638,Purdue University (IN)
1639,Purdue University (IN)
1640,Purdue University (IN)
1641,Howard University (DC)
1642,Purdue University (IN)
1643,Purdue University (IN)
1644,
1645,Purdue University (IN)
1646,Rochester Institute of Technology (NY)
1647,
1648,Purdue University (IN)
1649,Purdue University (IN)
1650,Purdue University (IN)
1651,Purdue University College of Technology-Lafayette (IN)
1652,
1653,Purdue University (IN)
1654,Purdue University (IN)
1655,University of Illinois-Urbana-Champaign (IL)
1656,Ohio State University (OH)
1657,Purdue University (IN)
1658,Purdue University (IN)
1659,
1660,Purdue University (IN)
1661,University of Iowa (IA)
1662,
1663,Purdue University (IN)
1664,Purdue University (IN)
1665,Arizona State University (AZ)
1666,Henry M. Gunn High School (CA)
1667,
1668,Purdue University (IN)
1669,University of Waterloo (INT)
1670,Connecticut College (CT)
1671,Purdue University (IN)
1672,Purdue University (IN)
1673,
1674,University of Illinois-Urbana-Champaign (IL)
1675,University of Illinois-Urbana-Champaign (IL)
1676,Purdue University (IN)
1677,Purdue University (IN)
1678,Purdue University (IN)
1679,Purdue University (IN)
1680,Purdue University (IN)
1681,Purdue University (IN)
1682,
1683,Purdue University (IN)
1684,Purdue University (IN)
1685,Purdue University (IN)
1686,University of Waterloo (INT)
1687,Purdue University College of Technology-Lafayette (IN)
1688,Purdue University (IN)
1689,Purdue University (IN)
1690,Purdue University (IN)
1691,Purdue University (IN)
1692,Purdue University (IN)
1693,
1694,University of Illinois-Urbana-Champaign (IL)
1695,Purdue University (IN)
1696,Purdue University (IN)
1697,Purdue University (IN)
1698,Purdue University (IN)
1699,Purdue University (IN)
1700,Purdue University (IN)
1701,Purdue University (IN)
1702,Indiana University/Purdue University at Fort Wayne (IN)
1703,Purdue University (IN)
1704,Purdue University (IN)
1705,
1706,Indiana University/Purdue University at Columbus (IN)
1707,Purdue University College of Technology-Lafayette (IN)
1708,Purdue University (IN)
1709,Purdue University (IN)
1710,Purdue University (IN)
1711,Purdue University (IN)
1712,
1713,University of Arkansas (AR)
1714,University of Illinois-Urbana-Champaign (IL)
1715,Purdue University (IN)
1716,Purdue University (IN)
1717,
1718,Purdue University (IN)
1719,Purdue University (IN)
1720,Purdue University (IN)
1721,Purdue University (IN)
1722,Purdue University (IN)
1723,Purdue University (IN)
1724,University of Illinois-Urbana-Champaign (IL)
1725,University of Iowa (IA)
1726,Purdue University (IN)
1727,Purdue University (IN)
1728,Purdue University College of Technology-Lafayette (IN)
1729,Kent State University (OH)
1730,Purdue University (IN)
1731,
1732,Purdue University (IN)
1733,Purdue University College of Technology-Lafayette (IN)
1734,Purdue University (IN)
1735,Purdue University (IN)
1736,Purdue University (IN)
1737,
1738,Purdue University (IN)
1739,Purdue University (IN)
1740,Purdue University (IN)
1741,Purdue University (IN)
1742,Purdue University (IN)
1743,Ohio State University (OH)
1744,Ohio State University (OH)
1745,Purdue University (IN)
1746,Purdue University (IN)
1747,University of Michigan (MI)
1748,
1749,
1750,Purdue University (IN)
1751,
1752,Purdue University (IN)
1753,Purdue University (IN)
1754,Purdue University (IN)
1755,Purdue University (IN)
1756,DePaul University (IL)
1757,University of Iowa (IA)
1758,Purdue University (IN)
1759,University of Maryland - College Park (MD)
1760,
1761,Illinois Institute of Technology (IL)
1762,New Mexico Institute of Mining & Technology (NM)
1763,
1764,New Mexico Institute of Mining & Technology (NM)
1765,Purdue University (IN)
1766,Purdue University (IN)
1767,Purdue University (IN)
1768,Purdue University (IN)
1769,Purdue University (IN)
1770,University of Michigan (MI)
1771,Purdue University (IN)
1772,Purdue University (IN)
1773,Purdue University (IN)
1774,Purdue University (IN)
1775,Purdue University College of Technology-Lafayette (IN)
1776,Purdue University (IN)
1777,Purdue University (IN)
1778,University of Michigan (MI)
1779,Purdue University (IN)
1780,
1781,Purdue University (IN)
1782,University of Maryland - College Park (MD)
1783,
1784,University of Maryland - College Park (MD)
1785,University of Michigan (MI)
1786,Purdue University (IN)
1787,University of Michigan (MI)
1788,
1789,McGill University (INT)
1790,University of Illinois-Urbana-Champaign (IL)
1791,Purdue University (IN)
1792,University of Iowa (IA)
1793,
1794,University of Illinois-Urbana-Champaign (IL)
1795,Purdue University (IN)
1796,
1797,Purdue University (IN)
1798,Purdue University (IN)
1799,Purdue University (IN)
1800,Western Kentucky University (KY)
1801,Purdue University (IN)
1802,Purdue University College of Technology-Lafayette (IN)
1803,University of Texas-Austin (TX)
1804,Purdue University (IN)
1805,New Mexico Institute of Mining & Technology (NM)
1806,Purdue University (IN)
1807,University of Wisconsin-Madison (WI)
1808,
1809,Purdue University (IN)
1810,Purdue University (IN)
1811,University of Illinois-Urbana-Champaign (IL)
1812,Purdue University (IN)
1813,University of Michigan (MI)
1814,University of Michigan (MI)
1815,
1816,Purdue University (IN)
1817,Purdue University (IN)
1818,Purdue University (IN)
1819,Purdue University (IN)
1820,University of Illinois-Urbana-Champaign (IL)
1821,Purdue University (IN)
1822,University of Illinois-Urbana-Champaign (IL)
1823,University of Illinois-Urbana-Champaign (IL)
1824,University of Michigan (MI)
1825,Purdue University (IN)
1826,Purdue University (IN)
1827,Purdue University (IN)
1828,Iowa State University (IA)
1829,Purdue University (IN)
1830,
1831,Purdue University (IN)
1832,Purdue University (IN)
1833,University of Iowa (IA)
1834,Purdue University (IN)
1835,Purdue University College of Technology-Lafayette (IN)
1836,University of Michigan (MI)
1837,Purdue University (IN)
1838,Purdue University (IN)
1839,Purdue University (IN)
1840,University of Illinois-Urbana-Champaign (IL)
1841,Purdue University (IN)
1842,Purdue University (IN)
1843,University of Illinois-Urbana-Champaign (IL)
1844,University of Michigan (MI)
1845,University of Michigan (MI)
1846,University of Illinois-Urbana-Champaign (IL)
1847,University of Maryland - College Park (MD)
1848,Purdue University (IN)
1849,Ohio State University (OH)
1850,University of Michigan (MI)
1851,University of Iowa (IA)
1852,Purdue University (IN)
1853,
1854,University of Iowa (IA)
1855,
1856,
1857,Purdue University (IN)
1858,McGill University (INT)
1859,
1860,University of Iowa (IA)
1861,
1862,
1863,Purdue University (IN)
1864,Purdue University (IN)
1865,Purdue University (IN)
1866,
1867,College of Mount Saint Joseph (OH)
1868,University of Michigan (MI)
1869,McGill University (INT)
1870,Purdue University (IN)
1871,Purdue University (IN)
1872,Purdue University (IN)
1873,
1874,Purdue University (IN)
1875,Purdue University (IN)
1876,University of Iowa (IA)
1877,High School Hackers (ALL)
1878,
1879,University of Iowa (IA)
1880,University of Michigan (MI)
1881,Purdue University (IN)
1882,Ohio State University (OH)
1883,Purdue University (IN)
1884,Ohio State University (OH)
1885,SUNY - Stony Brook (NY)
1886,SUNY - Stony Brook (NY)
1887,University of Iowa (IA)
1888,SUNY - Binghamton (NY)
1889,SUNY - Binghamton (NY)
1890,Purdue University (IN)
1891,Purdue University (IN)
1892,Purdue University (IN)
1893,Purdue University (IN)
1894,SUNY - Stony Brook (NY)
1895,University of Illinois System (IL)
1896,
1897,Purdue University (IN)
1898,Northeastern University (MA)
1899,
1900,
1901,Purdue University College of Technology-Lafayette (IN)
1902,San Francisco State University (CA)
1903,Drexel University (PA)
1904,McGill University (INT)
1905,Purdue University (IN)
1906,South Carolina State University (SC)
1907,
1908,Cornell University (NY)
1909,SUNY - Stony Brook (NY)
1910,Ohio State University (OH)
1911,Worcester Polytechnic Institute (MA)
1912,Georgia Institute of Technology (GA)
1913,University of Maryland - College Park (MD)
1914,University of Maryland - College Park (MD)
1915,Purdue University (IN)
1916,University of Michigan (MI)
1917,
1918,
1919,University of Michigan (MI)
1920,McGill University (INT)
1921,Purdue University College of Technology-Lafayette (IN)
1922,Purdue University (IN)
1923,Purdue University (IN)
1924,Purdue University College of Technology-Lafayette (IN)
1925,University of Illinois-Urbana-Champaign (IL)
1926,
1927,Purdue University (IN)
1928,
1929,Purdue University (IN)
1930,Purdue University (IN)
1931,University of Illinois-Urbana-Champaign (IL)
1932,Purdue University (IN)
1933,Purdue University (IN)
1934,
1935,University of Washington (WA)
1936,Arizona State University (AZ)
1937,University of Maryland - College Park (MD)
1938,George Washington University (DC)
1939,
1940,Purdue University (IN)
1941,Purdue University (IN)
1942,Worcester Polytechnic Institute (MA)
1943,Purdue University College of Technology-Lafayette (IN)
1944,Purdue University College of Technology-Lafayette (IN)
1945,University of California-Los Angeles (CA)
1946,Indiana University/Purdue University at Indianapolis (IN)
1947,
1948,
1949,
1950,
1951,University of Illinois-Urbana-Champaign (IL)
1952,University of Illinois-Urbana-Champaign (IL)
1953,Indiana University/Purdue University at Columbus (IN)
1954,Purdue University College of Technology-Lafayette (IN)
1955,University of Illinois-Urbana-Champaign (IL)
1956,Purdue University (IN)
1957,Purdue University (IN)
1958,University of Illinois-Urbana-Champaign (IL)
1959,Purdue University (IN)
1960,
1961,Purdue University (IN)
1962,John F. Kennedy University (CA)
1963,Purdue University (IN)
1964,Purdue University (IN)
1965,Purdue University (IN)
1966,International Academy East (MI)
1967,
1968,
1969,Purdue University (IN)
1970,Purdue University (IN)
1971,University of Iowa (IA)
1972,University of Illinois-Urbana-Champaign (IL)
1973,
1974,Purdue University (IN)
1975,University of Illinois-Urbana-Champaign (IL)
1976,University of Illinois-Urbana-Champaign (IL)
1977,University of Illinois-Urbana-Champaign (IL)
1978,University of Illinois-Urbana-Champaign (IL)
1979,Ohio State University (OH)
1980,Purdue University (IN)
1981,Ohio State University (OH)
1982,
1983,University of Illinois System (IL)
1984,Texas Tech University (TX)
1985,Purdue University (IN)
1986,University of Illinois System (IL)
1987,University of Iowa (IA)
1988,University of Chicago (IL)
1989,
1990,Purdue University (IN)
1991,Carnegie Mellon University (PA)
1992,Purdue University (IN)
1993,Purdue University (IN)
1994,University of Chicago (IL)
1995,University of Illinois-Urbana-Champaign (IL)
1996,University of Illinois-Urbana-Champaign (IL)
1997,Purdue University (IN)
1998,University of Illinois-Urbana-Champaign (IL)
1999,Purdue University (IN)
2000,Purdue University (IN)
2001,Purdue University (IN)
2002,Purdue University (IN)
2003,Purdue University (IN)
2004,Purdue University (IN)
2005,Purdue University (IN)
2006,Purdue University (IN)
2007,Purdue University (IN)
2008,Purdue University (IN)
2009,Purdue University (IN)
2010,Purdue University (IN)
2011,University of Georgia (GA)
2012,Clayton State University (GA)
2013,Florida State University (FL)
2014,Purdue University (IN)
2015,University of Illinois-Urbana-Champaign (IL)
2016,University of Wisconsin-Madison (WI)
2017,Rose-Hulman Institute of Technology (IN)
2018,Purdue University (IN)
2019,Purdue University (IN)
2020,University of Maryland - College Park (MD)
2021,Purdue University (IN)
2022,Purdue University (IN)
2023,Purdue University (IN)
2024,Ohio State University (OH)
